Apartado,Bloque,Icono,NomCort,Nombre,Descripción,WKT

"PLAN MAESTRO DRENAJE 2026","Acción 10 COLECTOR PROLONGACIÓN AGRICULTORES","#F50057","COLECTOR PROLONGACIÓN AGRICULTORES","A-10 CONSTRUCCIÓN DEL COLECTOR PROLONGACIÓN AGRICULTORES, COLONIA EMILIANO ZAPATA, DELEG. AYOTLA","Combatir los problemas de saturación del colector existente sobre Av. Zaragoza, el cual su recorrido será sobre Prolongación Agricultores, llegando a la Planta de Tratamiento de Santa Cruz Tlalpizahuac, y descargando las aguas residuales a la L3 de Conagua.","POLYGON ((-98.9429936 19.3224524, -98.9454398 19.320144, -98.9352689 19.3091685, -98.9310202 19.3142716, -98.9346681 19.3157296, -98.9429936 19.3224524))"
"PLAN MAESTRO DRENAJE 2026","Acción 10 COLECTOR PROLONGACIÓN AGRICULTORES","#ff7300","COLECTOR PROLONGACIÓN AGRICULTORES","LINEA","Acción 10","LINESTRING (-98.944019 19.31925, -98.944072 19.319303, -98.942916 19.320538, -98.942504 19.3202, -98.936624 19.313829, -98.936564 19.313894)"
"PLAN MAESTRO DRENAJE 2026","Acción 11 ENCAJONAMIENTO CANAL LERMA","#1DE9B6","ENCAJONAMIENTO CANAL LERMA","A-11 CONSTRUCCIÓN DE ENCAJONAMIENTO DE CANAL LERMA 2DA ETAPA, AV. CUAUHTEMOC DESDE CAD. 0+515.58 AL 0+851.91, COLONIA SANTA BARBARA","Combatir los problemas de salubridad, así como de desbordamientos del canal debido a las precipitaciones pluviales que se generan en épocas de lluvia, colocando cajas de trampas que ayudaran a disminuir la velocidad con que bajan las aguas de las colonias, así como retener arenas provenientes de aguas arriba, disminuyendo en gran medida los problemas de saneamiento en la cabecera municipal de Ixtapaluca, Estado de México.","POLYGON ((-98.8939743 19.3159117, -98.8944035 19.311801, -98.8868075 19.3104644, -98.8857561 19.3127325, -98.8857776 19.315932, -98.8930731 19.3183012, -98.8939743 19.3159117))"
"PLAN MAESTRO DRENAJE 2026","Acción 11 ENCAJONAMIENTO CANAL LERMA","#ff7300","ENCAJONAMIENTO CANAL LERMA","LINEA","Acción 11","LINESTRING (-98.890448 19.315242, -98.887334 19.314265, -98.887272 19.314214)"
"PLAN MAESTRO DRENAJE 2026","Acción 12 ENCAJONAMIENTO CANAL MEZQUITE","#FFEA00","ENCAJONAMIENTO CANAL MEZQUITE","A-12 CONSTRUCCION DE ENCAJONAMIENTO EN CANAL MEZQUITE, COL. VALLE VERDE","Combatir los problemas de salubridad, así como de desbordamientos del canal que se originan debido a las precipitaciones pluviales que se generan en épocas de lluvia,  disminuyendo en gran medida los problemas de saneamiento en la comunidad de la Colonia de Valle verde, delegación de Tlapacoya.","POLYGON ((-98.9080648 19.3137266, -98.9123135 19.3128964, -98.9146094 19.3098993, -98.9144247 19.3074363, -98.9101761 19.3079831, -98.9069789 19.3083476, -98.9073008 19.3107574, -98.9080648 19.3137266))"
"PLAN MAESTRO DRENAJE 2026","Acción 12 ENCAJONAMIENTO CANAL MEZQUITE","#ff7300","ENCAJONAMIENTO CANAL MEZQUITE","LINEA","Acción 12","LINESTRING (-98.909856 19.31219, -98.909608 19.310661)"
"PLAN MAESTRO DRENAJE 2026","Acción 13 EMISOR SAN FRANCISCO-GASERA COCOS","#00C853","EMISOR SAN FRANCISCO-GASERA COCOS","A-13 CONSTRUCCIÓN DEL EMISOR SAN FRANCISCO, COATEPEC 1ERA ETAPA DE LA Y A GASERA COCOS PARA AGUAS PLUVIALES Y NEGRAS, MUNICIPIO DE IXTAPALUCA ESTADO DE MÉXICO","Se alcanzaría un correcto desalojo de aguas residuales y pluviales, con esto la cobertura de este servicio será mayor para ambas localidades que se reflejará en una mejor calidad de vida para los habitantes de la zona.","POLYGON ((-98.8576868 19.3817905, -98.8589102 19.3821257, -98.8616138 19.3815994, -98.8603264 19.3776723, -98.8608414 19.3725307, -98.8629871 19.3644336, -98.8556915 19.3626116, -98.8480955 19.3691301, -98.846336 19.3738264, -98.8414114 19.373958, -98.8409501 19.3754053, -98.8403064 19.3781178, -98.8576868 19.3817905))"
"PLAN MAESTRO DRENAJE 2026","Acción 13 EMISOR SAN FRANCISCO-GASERA COCOS","#ff7300","EMISOR SAN FRANCISCO-GASERA COCOS","LINEA","Acción 13","LINESTRING (-98.857605 19.361854, -98.857562 19.36219, -98.857652 19.362755, -98.857502 19.363332, -98.857524 19.364177, -98.857634 19.364726, -98.858129 19.366735, -98.85836 19.368374, -98.85865 19.370176, -98.859458 19.37224, -98.859988 19.373857, -98.86046 19.37658, -98.860691 19.378523, -98.861281 19.38039)"
"PLAN MAESTRO DRENAJE 2026","Acción 14 R. E.M. C. SAN BUENAVENTURA","#00B0FF","R. E.M. C. SAN BUENAVENTURA","A-14 REHABILITACIÓN DE EQUIPOS MECÁNICOS, ELÉCTRICOS Y ELECTROMECÁNICOS PARA AGUA PLUVIAL EN EL CÁRCAMO SAN BUENAVENTURA, SAN BUENAVENTURA, IXTAPALUCA, ESTADO DE MÉXICO","Al mejorar el funcionamiento de los cárcamos con la rehabilitación de equipos mecánicos, eléctricos y electromecánicos, ayudan a abatir un poco el tiempo de desalojo de las aguas residuales, beneficiando a la población para que todos los drenajes locales tengan una mayor fluides y evitar inundaciones.","POLYGON ((-98.8737164 19.3040469, -98.861996 19.3003089, -98.8626397 19.3029821, -98.8601077 19.3058983, -98.8594211 19.3072753, -98.8682617 19.3103534, -98.8717807 19.3070323, -98.8725961 19.3058578, -98.8737164 19.3040469))"
"PLAN MAESTRO DRENAJE 2026","Acción 14 R. E.M. C. SAN BUENAVENTURA","PMCARCAMO","R. E.M. C. SAN BUENAVENTURA","CARCAMO","Acción 14","POINT (-98.8737164 19.3040469)"
"ZONAS DE INUNDACION ","Zona de inundacion 1","#f03f09","Zona de inundacion 1","Zona 1 (El bado)","desnivel","POLYGON ((-98.8489092 19.3183566, -98.8494671 19.3173036, -98.8476432 19.3178503, -98.8469351 19.3207662, -98.8494242 19.3204625, -98.8489092 19.3183566))"
"ZONAS DE INUNDACION ","Zona de inundacion 2","#f03f09","Zona de inundacion 2","Zona 2 CDC","presurizacion de linea principal","POLYGON ((-98.851291 19.3172226, -98.852557 19.3168581, -98.8524283 19.3150154, -98.8507546 19.3154609, -98.851291 19.3172226))"
"ZONAS DE INUNDACION ","Zona de inundacion 3","#f03f09","Zona de inundacion 3","Zona 3 (Geranio)","linea principal saturada","POLYGON ((-98.8486646 19.3088834, -98.8488792 19.3087214, -98.8486593 19.3082961, -98.8485144 19.3085796, -98.8486646 19.3088834))"
"ZONAS DE INUNDACION ","Zona de inundacion 4","#f03f09","Zona de inundacion 4","Zona 4 Aurrera San buenaventura","linea principal presurizada","POLYGON ((-98.8607639 19.3107306, -98.8608711 19.3104065, -98.8613861 19.3091308, -98.8597983 19.3099003, -98.8607639 19.3107306))"
"ZONAS DE INUNDACION ","Zona de inundacion 5","#f03f09","Zona de inundacion 5","Zona 5 Colinas","zona baja de unidad","POLYGON ((-98.8720308 19.3055608, -98.8723527 19.3045381, -98.8714622 19.3043356, -98.8720308 19.3055608))"
"ZONAS DE INUNDACION ","Zona de inundacion 6","#f03f09","Zona de inundacion 6","Zona 6 La venta","colector principal dañado","POLYGON ((-98.8814056 19.3080995, -98.8824624 19.3080995, -98.8837284 19.3079324, -98.8849515 19.3081906, -98.8890338 19.309269, -98.8890016 19.3091576, -98.8849729 19.3081197, -98.883723 19.3078615, -98.8824463 19.3080286, -98.8814056 19.3079982, -98.8814056 19.3080995))"
"ZONAS DE INUNDACION ","Zona de inundacion 7","#f03f09","Zona de inundacion 7","Zona 7 palmas 2","pozos de absorcion sin operar","POLYGON ((-98.8874781 19.3068034, -98.8850856 19.3060238, -98.8859117 19.3067326, -98.8874781 19.3068034))"
"ZONAS DE INUNDACION ","Zona de inundacion 8","#f03f09","Zona de inundacion 8","Zonza 8 Palmas 1","mantenimiento en linea principal","POLYGON ((-98.8941526 19.308328, -98.8949465 19.3076395, -98.8942814 19.3064447, -98.8941526 19.308328))"
"ZONAS DE INUNDACION ","Zona de inundacion 9","#f03f09","Zona de inundacion 9","Zona 9 Santa Barbara","pozos de absorcion sin operar","POLYGON ((-98.9018237 19.2925114, -98.9020169 19.2918026, -98.8945496 19.2923291, -98.8927471 19.2931595, -98.9018237 19.2925114))"
"ZONAS DE INUNDACION ","Zona de inundacion 10","#f03f09","Zona de inundacion 10","Zona 10 20 de noviembre","poca capacidad de desalojo en carcamo","POLYGON ((-98.9018838 19.2914624, -98.9117758 19.2907333, -98.9116899 19.2902067, -98.9048235 19.2893966, -98.9019481 19.2895586, -98.9018838 19.2914624))"
"ZONAS DE INUNDACION ","Zona de inundacion 11","#f03f09","Zona de inundacion 11","Zona 11 Bellavista (Alfredo del mazo)","daño en linea de paso de autopista","POLYGON ((-98.9021198 19.2921105, -98.9019696 19.2933662, -98.9093725 19.2938522, -98.9122264 19.2913814, -98.9021198 19.2921105))"
"ZONAS DE INUNDACION ","Zona de inundacion 12","#f03f09","Zona de inundacion 12","Zona 12 Cotera","capacidad de desalojo en carcamo","POLYGON ((-98.8884513 19.2922725, -98.893923 19.2918067, -98.8938586 19.290389, -98.8804905 19.2886472, -98.8818852 19.2930623, -98.8884513 19.2922725))"
"ZONAS DE INUNDACION ","Zona de inundacion 13","#f03f09","Zona de inundacion 13","Zona 13 El molino","capacidad de desalojo","POLYGON ((-98.921752 19.2945716, -98.9197779 19.2962222, -98.9211834 19.2977209, -98.9224923 19.2964855, -98.9276743 19.3018016, -98.9281679 19.3014067, -98.921752 19.2945716))"
"ZONAS DE INUNDACION ","Zona de inundacion 14","#f03f09","Zona de inundacion 14","Zona 14 Guadalupe Victoria","mayor capacidad de desalojo","POLYGON ((-98.9277494 19.3018117, -98.9286185 19.3033407, -98.929348 19.3027129, -98.9281679 19.3014067, -98.9276743 19.3018016, -98.9277494 19.3018117))"
"ZONAS DE INUNDACION ","Zona de inundacion 15","#f03f09","Zona de inundacion 15","Zona 15 Centro de salud Emiliano Zapata","zona baja de colector Cuauhtemoc","POLYGON ((-98.9308638 19.3109809, -98.9323659 19.3112846, -98.9329559 19.3100291, -98.931765 19.3088647, -98.9308638 19.3109809))"
"ZONAS DE INUNDACION ","Zona de inundacion 16","#f03f09","Zona de inundacion 16","Zona 16 Agricultores","zona baja de colector","POLYGON ((-98.9368462 19.3139535, -98.9367604 19.3140143, -98.9401721 19.3177707, -98.940376 19.3176391, -98.9368462 19.3139535))"
"ZONAS DE INUNDACION ","Zona de inundacion 17","#f03f09","Zona de inundacion 17","Zona 17 Chapas y triplay","colector dañado","POLYGON ((-98.9351712 19.3163769, -98.9359115 19.3133191, -98.9345061 19.3122054, -98.9334439 19.3158605, -98.9351712 19.3163769))"
"ZONAS DE INUNDACION ","Zona de inundacion 18","#f03f09","Zona de inundacion 18","Zona 18 Izcalli","zona baja de unidad","POLYGON ((-98.9368389 19.3172217, -98.9354442 19.3201883, -98.9363347 19.3205528, -98.9378796 19.317652, -98.9368389 19.3172217))"
"ZONAS DE INUNDACION ","Zona de inundacion 19","#f03f09","Zona de inundacion 19","Zona 19 Pineda","zona baja de tlapizahuac","POLYGON ((-98.9443304 19.3245625, -98.9418413 19.3282578, -98.9432253 19.3283945, -98.9447166 19.3259192, -98.9451243 19.3251497, -98.9443304 19.3245625))"
"ZONAS DE INUNDACION ","Zona de inundacion 20","#f03f09","Zona de inundacion 20","Zona 20 La pasteleria","zona baja de tlapizahuac","POLYGON ((-98.9489009 19.3295206, -98.9481069 19.3288625, -98.947592 19.3307456, -98.9481713 19.3308266, -98.9489009 19.3295206))"
"ZONAS DE INUNDACION ","Zona de inundacion 21","#f03f09","Zona de inundacion 21","Zona 21 Hotel Oriente","presurizacion en linea principal colector","POLYGON ((-98.950596 19.331191, -98.9502742 19.3304216, -98.9500489 19.3305431, -98.950596 19.331191))"
"ZONAS DE INUNDACION ","Zona de inundacion 22","#f03f09","Zona de inundacion 22","Zona 22 Primavera","parte baja tlapizahuac","POLYGON ((-98.9512323 19.3270584, -98.9514254 19.3267901, -98.9498053 19.3250892, -98.9494513 19.3255803, -98.9512323 19.3270584))"
"ZONAS DE INUNDACION ","Zona de inundacion 23","#f03f09","Zona de inundacion 23","Zona 23 Colector Cuahutemoc","desplazamiento de colector","POLYGON ((-98.8996474 19.3119333, -98.9027266 19.3113866, -98.9078872 19.3109613, -98.912286 19.309969, -98.9154188 19.3091793, -98.9172642 19.3090578, -98.9203755 19.3102931, -98.9245169 19.3121156, -98.9263193 19.3131483, -98.9314262 19.3148493, -98.9341943 19.3162061, -98.9378421 19.3180691, -98.9394729 19.3193245, -98.9410178 19.3213292, -98.9446227 19.3248728, -98.9470689 19.3280113, -98.9500086 19.3309877, -98.9510171 19.3323848, -98.9516501 19.3333567, -98.9521758 19.3330935, -98.951296 19.3321216, -98.9501373 19.3307043, -98.9474337 19.3277278, -98.9448587 19.3246703, -98.9413611 19.3208432, -98.9397733 19.3191423, -98.9378796 19.317652, -98.9342586 19.3158416, -98.931555 19.3145253, -98.9264266 19.3128041, -98.9246027 19.3117511, -98.9205257 19.3098678, -98.9173285 19.3087338, -98.9153115 19.308835, -98.9121358 19.3095843, -98.907737 19.3105968, -98.9026944 19.3110221, -98.899347 19.3114878, -98.8996474 19.3119333))"
"ZONAS DE INUNDACION ","Zona de inundacion 24","#f03f09","Zona de inundacion 24","Zona 24 Capulin y Mezquite","limpieza a canales a cielo abierto","POLYGON ((-98.9170559 19.3098009, -98.916734 19.308677, -98.9151032 19.308596, -98.9052756 19.3096794, -98.9054044 19.3121297, -98.9170559 19.3098009))"
"ZONAS DE INUNDACION ","Zona de inundacion 25","#f03f09","Zona de inundacion 25","Zona 25 Puente Cuate","limpieza a canal federal","POLYGON ((-98.8707695 19.3172459, -98.871145 19.3160309, -98.8707265 19.3161626, -98.8705012 19.3171447, -98.8707695 19.3172459))"
"ZONAS DE INUNDACION ","Zona de inundacion 26","#f03f09","Zona de inundacion 26","Zona 26 Polivalente (Heroes)","pozos de absorcion sin operar","POLYGON ((-98.8742241 19.3297583, -98.8739988 19.3310846, -98.877196 19.3319046, -98.8763806 19.3300924, -98.8742241 19.3297583))"
"ZONAS DE INUNDACION ","Zona de inundacion 27","#f03f09","Zona de inundacion 27","Zona 27 Oxxo Heroes","pozos de absorcio sin operar","POLYGON ((-98.8787771 19.3205691, -98.8809336 19.3185847, -98.8792491 19.3183113, -98.8787771 19.3205691))"
"ZONAS DE INUNDACION ","Zona de inundacion 28","#f03f09","Zona de inundacion 28","Zona 28 Mercado Heroes","pozos de absorcion sin operar","POLYGON ((-98.8688849 19.3232613, -98.8685201 19.3231398, -98.8680909 19.3248812, -98.8684021 19.3249622, -98.8688849 19.3232613))"
"ZONAS DE INUNDACION ","Zona de inundacion 29","#f03f09","Zona de inundacion 29","Zona 29 Coyotera","limpieza a canales a cielo abierto","POLYGON ((-98.887253 19.3141682, -98.8945915 19.3165881, -98.8949455 19.3127102, -98.887253 19.3141682))"
"ZONAS DE INUNDACION ","Zona de inundacion 30","#f03f09","Zona de inundacion 30","Zona 30 Progreso","presurizacion de linea principal","POLYGON ((-98.885826 19.3163755, -98.891287 19.3181271, -98.8938727 19.3189573, -98.8885512 19.3172158, -98.889388 19.3149276, -98.8892485 19.3148567, -98.8885833 19.3165273, -98.8870491 19.3160413, -98.8868024 19.3165881, -98.8858046 19.3162438, -98.885826 19.3163755))"
"ZONAS DE INUNDACION ","Zona de inundacion 31","#f03f09","Zona de inundacion 31","Zona 31 Jesús María","pozos de absorcion sin operar","POLYGON ((-98.8879825 19.3265587, -98.8880684 19.3263158, -98.8842918 19.3247364, -98.8848926 19.3226912, -98.8839485 19.3223673, -98.8832618 19.3244731, -98.8879825 19.3265587))"
"ZONAS DE INUNDACION ","Zona de inundacion 32","#f03f09","Zona de inundacion 32","Zona 32 Carril Zoquiapan","colector principal dañado","POLYGON ((-98.8570362 19.340726, -98.8575511 19.3352796, -98.8557273 19.3386608, -98.8528949 19.3382154, -98.852809 19.3401996, -98.8566929 19.340726, -98.8565427 19.3433985, -98.8568002 19.3433783, -98.8570362 19.340726))"
"ZONAS DE INUNDACION ","Zona de inundacion 33","#f03f09","Zona de inundacion 33","Zona 33 Jaguey San Francisco Coatepec","limpieza a canales a cielo abierto","POLYGON ((-98.8575957 19.3618389, -98.8578907 19.3605888, -98.8567213 19.3604066, -98.8566247 19.3617123, -98.8575957 19.3618389))"
"ZONAS DE INUNDACION ","Zona de inundacion 34","#f03f09","Zona de inundacion 34","Zona 34 Panteon San Francisco","limpieza a canal a cielo abierto","POLYGON ((-98.8619115 19.3462391, -98.8644703 19.3464061, -98.8643576 19.3458544, -98.8619115 19.3462391))"
"ZONAS DE INUNDACION ","Zona de inundacion 35","#f03f09","Zona de inundacion 35","Zona 35 Rio Frio de Jarez","limpieza a rio","POLYGON ((-98.6677598 19.3503181, -98.6697124 19.3539825, -98.6736821 19.3500549, -98.6721586 19.3478278, -98.6677598 19.3503181))"
"ZONAS DE INUNDACION ","Zona de inundacion 36","#f03f09","Zona de inundacion 36","Zona 36 La presa","limpieza a canales a cielo abierto","POLYGON ((-98.8436686 19.342796, -98.8460933 19.3412573, -98.8448917 19.3394351, -98.8436686 19.342796))"
"ZONAS DE INUNDACION ","Zona de inundacion 37","#f03f09","Zona de inundacion 37","Zona 37 Santa Ana","zona inundada","POLYGON ((-98.8579277 19.3655006, -98.8577024 19.3648958, -98.8575737 19.364558, -98.8573913 19.3644023, -98.8571231 19.364959, -98.8569031 19.3654752, -98.8579277 19.3655006))"
"ZONAS DE INUNDACION ","Zona de inundacion 38","#f03f09","Zona de inundacion 38","Zona 38 Presa San Vicente","zona inundada","POLYGON ((-98.9013344 19.3400286, -98.9014846 19.3392997, -98.9002401 19.339239, -98.9008409 19.3399881, -98.9013344 19.3400286))"
"ZONAS DE INUNDACION ","Zona de inundacion 39","#f03f09","Zona de inundacion 39","Zona 39 Ciudad deportiva","zona inundada","POLYGON ((-98.8752445 19.340721, -98.8752552 19.3398453, -98.8749119 19.3406451, -98.8752445 19.340721))"
"ZONAS DE INUNDACION ","Zona de inundacion 40","#f03f09","Zona de inundacion 40","Zona 40 Canal cotera","zona inundada","POLYGON ((-98.8931138 19.3101993, -98.8929314 19.3078907, -98.8920302 19.3060175, -98.8913757 19.303638, -98.89085 19.3015825, -98.8905496 19.3006711, -98.8897772 19.2964486, -98.8906783 19.2962157, -98.8915152 19.2960689, -98.8919443 19.2945449, -98.8920731 19.2938917, -98.8910002 19.2929348, -98.8909679 19.2897652, -98.8902384 19.2897045, -98.8907319 19.2929449, -98.8903887 19.295841, -98.8894124 19.2963423, -98.8896162 19.2974106, -98.8903135 19.3002965, -98.8872343 19.300375, -98.8871834 19.3009211, -98.8872826 19.301204, -98.8875025 19.301709, -98.8874274 19.3037487, -98.8875991 19.303743, -98.8876581 19.3020818, -98.887473 19.3011296, -98.8874449 19.3008358, -98.8875026 19.3005015, -98.8903564 19.30058, -98.8906032 19.301623, -98.8911826 19.3036684, -98.8915259 19.3049138, -98.8918478 19.3060884, -98.8927275 19.3079616, -98.8928563 19.3102094, -98.8931138 19.3101993))"
"INFRAESTRUCTURA","POZOS DE ABSOROCION","#441a1a","PZABS","POZO 1","POZOS DE ABSORCION UBICADOS EN SAN BUENAVENTURA","POLYGON ((-98.854862 19.309845, -98.854871 19.309549, -98.854795 19.309206, -98.854462 19.308893, -98.854121 19.308789, -98.853681 19.308825, -98.85338 19.309006, -98.853204 19.309163, -98.853086 19.30948, -98.853073 19.309684, -98.853076 19.309848, -98.853193 19.310053, -98.853316 19.310206, -98.853494 19.310327, -98.853736 19.310462, -98.854069 19.310484, -98.854314 19.310423, -98.854597 19.310275, -98.854803 19.310045, -98.854862 19.309845))"
"INFRAESTRUCTURA","POZOS DE ABSOROCION","#441a1a","PZABS","POZO 2","POZOS DE ABSORCION UBICADOS EN SAN BUENAVENTURA","POLYGON ((-98.859206 19.312035, -98.859269 19.31164, -98.859167 19.311295, -98.858933 19.311015, -98.85854 19.310861, -98.858126 19.310882, -98.857754 19.311083, -98.857524 19.311447, -98.857486 19.311679, -98.857538 19.31199, -98.857662 19.312211, -98.857879 19.312389, -98.85822 19.312514, -98.858529 19.312514, -98.858902 19.31238, -98.859206 19.312035))"
"INFRAESTRUCTURA","POZOS DE ABSOROCION","#441a1a","PZABS","POZO 3","POZOS DE ABSORCION UBICADOS EN SAN BUENAVENTURA","POLYGON ((-98.860841 19.306567, -98.860938 19.306299, -98.860929 19.305824, -98.860757 19.305627, -98.860552 19.305469, -98.860351 19.305356, -98.860139 19.305298, -98.85987 19.305263, -98.859577 19.305374, -98.859332 19.305577, -98.859261 19.305692, -98.859202 19.305821, -98.859153 19.305994, -98.859149 19.306187, -98.859193 19.306377, -98.859301 19.306627, -98.859487 19.306848, -98.859779 19.306966, -98.860068 19.306994, -98.860428 19.306944, -98.86067 19.306809, -98.860841 19.306567))"
"INFRAESTRUCTURA","POZOS DE ABSOROCION","#441a1a","PZABS","POZO 4","POZOS DE ABSORCION UBICADOS EN SAN BUENAVENTURA","POLYGON ((-98.870383 19.304646, -98.870444 19.304529, -98.870507 19.304353, -98.870533 19.304108, -98.870479 19.30385, -98.870349 19.303609, -98.870145 19.303457, -98.869793 19.303331, -98.869518 19.303322, -98.869264 19.303383, -98.868988 19.303557, -98.868833 19.303765, -98.868706 19.304032, -98.868699 19.304228, -98.868783 19.304474, -98.868893 19.304684, -98.86908 19.304862, -98.869348 19.305006, -98.869721 19.305053, -98.869956 19.305016, -98.870194 19.304866, -98.870383 19.304646))"
"INFRAESTRUCTURA","POZOS DE ABSOROCION","#441a1a","PZABS","POZO 5","POZOS DE ABSORCION UBICADOS EN SAN BUENAVENTURA","POLYGON ((-98.872801 19.304724, -98.872987 19.304587, -98.87312 19.304393, -98.873201 19.304165, -98.87321 19.303814, -98.87313 19.303562, -98.872873 19.303294, -98.872566 19.303134, -98.872186 19.303135, -98.871911 19.303217, -98.871661 19.303359, -98.871512 19.303538, -98.871404 19.303801, -98.871396 19.304086, -98.871436 19.304237, -98.871505 19.304427, -98.871617 19.304568, -98.87177 19.304701, -98.872149 19.304842, -98.872515 19.30483, -98.872801 19.304724))"
"INFRAESTRUCTURA","POZOS DE ABSOROCION","#441a1a","PZABS","POZO 1","POZOS DE ABSORCION UBICADOS EN LOS HEROES","POLYGON ((-98.877903 19.322341, -98.877862 19.322232, -98.877787 19.322081, -98.877713 19.321941, -98.8776 19.321828, -98.87746 19.321809, -98.877282 19.321776, -98.87711 19.321773, -98.876954 19.321802, -98.876794 19.321884, -98.8767 19.321938, -98.876695 19.321943, -98.876597 19.322086, -98.876555 19.322223, -98.876549 19.322238, -98.876547 19.322379, -98.876547 19.322395, -98.87656 19.32253, -98.876574 19.322676, -98.876637 19.322795, -98.8767 19.322878, -98.876874 19.323006, -98.877075 19.32305, -98.877287 19.323047, -98.877454 19.323003, -98.877609 19.322917, -98.877713 19.322837, -98.877816 19.322709, -98.877869 19.322583, -98.877888 19.322441, -98.877903 19.322341))"
"INFRAESTRUCTURA","POZOS DE ABSOROCION","#441a1a","PZABS","POZO 2","POZOS DE ABSORCION UBICADOS EN LOS HEROES","POLYGON ((-98.876003 19.322005, -98.875969 19.321889, -98.875936 19.321795, -98.875883 19.321739, -98.875826 19.321673, -98.875818 19.321656, -98.875746 19.321592, -98.875687 19.321561, -98.875671 19.321551, -98.87556 19.321509, -98.875467 19.321485, -98.87546 19.321486, -98.875291 19.321494, -98.875286 19.321494, -98.875173 19.321513, -98.87503 19.32156, -98.874928 19.321604, -98.874833 19.321678, -98.874762 19.321769, -98.874709 19.321864, -98.874668 19.321984, -98.874654 19.322073, -98.87466 19.322175, -98.874664 19.322256, -98.874685 19.322377, -98.874754 19.322531, -98.8748 19.322582, -98.874882 19.322657, -98.874947 19.322718, -98.87509 19.322771, -98.875219 19.322808, -98.875389 19.322805, -98.875506 19.322761, -98.875641 19.322716, -98.875775 19.322628, -98.87588 19.322525, -98.875941 19.322433, -98.875999 19.322326, -98.876013 19.322128, -98.876003 19.322005))"
"INFRAESTRUCTURA","POZOS DE ABSOROCION","#441a1a","PZABS","POZO 3","POZOS DE ABSORCION UBICADOS EN LOS HEROES","GEOMETRYCOLLECTION (POLYGON ((-98.87393 19.321332, -98.873864 19.321304, -98.8738831 19.3213143, -98.87393 19.321332)), POLYGON ((-98.8738831 19.3213143, -98.873787 19.321278, -98.873677 19.321285, -98.873608 19.321284, -98.873595 19.321284, -98.873497 19.321286, -98.873394 19.321289, -98.873305 19.321313, -98.873235 19.321335, -98.873134 19.321414, -98.873072 19.321477, -98.87298 19.321603, -98.872927 19.321698, -98.872901 19.321824, -98.872875 19.321968, -98.872869 19.322057, -98.872895 19.32215, -98.872957 19.322262, -98.873011 19.322345, -98.873056 19.322403, -98.873144 19.322468, -98.873257 19.322538, -98.873331 19.322557, -98.873462 19.322582, -98.873543 19.322583, -98.873677 19.322578, -98.873799 19.322536, -98.873908 19.322495, -98.873982 19.322434, -98.874088 19.322356, -98.874142 19.322286, -98.874196 19.322226, -98.874234 19.322146, -98.874275 19.322052, -98.874269 19.321941, -98.874255 19.321871, -98.874236 19.321795, -98.874208 19.321704, -98.874171 19.321647, -98.874128 19.321553, -98.87408 19.321459, -98.873992 19.321373, -98.8738831 19.3213143)))"
"INFRAESTRUCTURA","POZOS DE ABSOROCION","#441a1a","PZABS","POZO 4","POZOS DE ABSORCION UBICADOS EN LOS HEROES","POLYGON ((-98.872584 19.321703, -98.872576 19.321629, -98.872554 19.321531, -98.872502 19.321429, -98.87247 19.321349, -98.872407 19.321285, -98.872304 19.321206, -98.87221 19.321168, -98.872112 19.321133, -98.871968 19.321099, -98.871848 19.321105, -98.871713 19.321108, -98.871555 19.321169, -98.871455 19.321211, -98.871368 19.321319, -98.871304 19.321411, -98.871256 19.321526, -98.871235 19.321654, -98.871238 19.321782, -98.87124 19.321869, -98.871253 19.321971, -98.871325 19.322087, -98.871381 19.322162, -98.871464 19.322266, -98.871561 19.322301, -98.871655 19.322362, -98.871764 19.322378, -98.871884 19.322401, -98.871984 19.3224, -98.872104 19.322379, -98.872185 19.32236, -98.872246 19.322322, -98.872322 19.322266, -98.872402 19.322195, -98.872467 19.32215, -98.872505 19.322069, -98.872535 19.321985, -98.872568 19.321882, -98.872582 19.321787, -98.872584 19.321703))"
"INFRAESTRUCTURA","POZOS DE ABSOROCION","#441a1a","PZABS","POZO 5","POZOS DE ABSORCION UBICADOS EN LOS HEROES","POLYGON ((-98.870822 19.321539, -98.870817 19.321489, -98.870778 19.321375, -98.870716 19.321299, -98.870634 19.321212, -98.870531 19.321141, -98.870404 19.321071, -98.870306 19.321034, -98.870176 19.321006, -98.870051 19.321009, -98.869918 19.321026, -98.869874 19.321043, -98.869794 19.32109, -98.869723 19.321142, -98.86966 19.321215, -98.86962 19.321258, -98.869577 19.32132, -98.869527 19.321405, -98.869497 19.321516, -98.869483 19.321604, -98.869484 19.321699, -98.869494 19.321821, -98.869516 19.321901, -98.869558 19.322003, -98.869624 19.322108, -98.869711 19.322187, -98.869792 19.322231, -98.86989 19.322256, -98.870024 19.322273, -98.870182 19.322285, -98.870311 19.322291, -98.870416 19.322262, -98.870512 19.322226, -98.870624 19.322148, -98.870679 19.322101, -98.870734 19.322005, -98.870773 19.321905, -98.870811 19.32179, -98.870824 19.321664, -98.870822 19.321539))"
"INFRAESTRUCTURA","POZOS DE ABSOROCION","#441a1a","PZABS","POZO 6","POZOS DE ABSORCION UBICADOS EN LOS HEROES","POLYGON ((-98.87126 19.324492, -98.871181 19.32438, -98.871102 19.324293, -98.870955 19.324222, -98.870843 19.324168, -98.870696 19.324114, -98.870525 19.324125, -98.87038 19.324168, -98.870253 19.324227, -98.870127 19.32431, -98.870019 19.324481, -98.869937 19.324643, -98.86994 19.324812, -98.869978 19.324972, -98.87004 19.325132, -98.870137 19.325283, -98.870336 19.325401, -98.870559 19.325454, -98.870729 19.325427, -98.870899 19.325392, -98.871043 19.325325, -98.871161 19.325227, -98.871244 19.325096, -98.871293 19.324959, -98.871307 19.324781, -98.871305 19.32466, -98.87126 19.324492))"
"INFRAESTRUCTURA","POZOS DE ABSOROCION","#441a1a","PZABS","POZO 7","POZOS DE ABSORCION UBICADOS EN LOS HEROES","POLYGON ((-98.874938 19.325959, -98.874908 19.325846, -98.874866 19.325739, -98.874814 19.325675, -98.874743 19.325541, -98.874679 19.325472, -98.874552 19.325409, -98.87446 19.325373, -98.874333 19.32535, -98.874184 19.325338, -98.874076 19.325357, -98.873985 19.325397, -98.873884 19.325458, -98.873777 19.325525, -98.873677 19.325639, -98.873638 19.325721, -98.873596 19.325872, -98.873581 19.326018, -98.873613 19.326151, -98.87365 19.326296, -98.873714 19.326402, -98.873796 19.326476, -98.873928 19.326559, -98.874044 19.326627, -98.87413 19.326647, -98.874256 19.326666, -98.874341 19.326665, -98.87446 19.326636, -98.874596 19.326569, -98.874737 19.326475, -98.874814 19.326366, -98.87488 19.32623, -98.874934 19.326084, -98.874938 19.325959))"
"INFRAESTRUCTURA","POZOS DE ABSOROCION","#441a1a","PZABS","POZO 8","POZOS DE ABSORCION UBICADOS EN LOS HEROES","POLYGON ((-98.871381 19.327311, -98.871418 19.327256, -98.871454 19.327139, -98.871471 19.327035, -98.871449 19.326932, -98.871418 19.326793, -98.871364 19.326714, -98.87131 19.326625, -98.871212 19.326514, -98.871063 19.326436, -98.870943 19.326384, -98.870786 19.326355, -98.870685 19.326339, -98.870581 19.326354, -98.870486 19.326387, -98.870368 19.326439, -98.870261 19.326553, -98.870177 19.326649, -98.870141 19.326771, -98.870119 19.326865, -98.870102 19.326942, -98.870099 19.327046, -98.870101 19.327154, -98.870122 19.327252, -98.870186 19.32735, -98.87025 19.327443, -98.870357 19.327536, -98.870467 19.327583, -98.870592 19.327626, -98.870744 19.327646, -98.870901 19.327638, -98.871043 19.327586, -98.87117 19.327517, -98.871269 19.327434, -98.871334 19.327361, -98.871381 19.327311))"
"INFRAESTRUCTURA","POZOS DE ABSOROCION","#441a1a","PZABS","POZO 9","POZOS DE ABSORCION UBICADOS EN LOS HEROES","POLYGON ((-98.874672 19.327613, -98.87467 19.327495, -98.874643 19.327393, -98.874603 19.327305, -98.874546 19.327216, -98.874454 19.32712, -98.874372 19.327068, -98.874268 19.327029, -98.874146 19.326986, -98.873994 19.326973, -98.873878 19.326992, -98.873778 19.327006, -98.873706 19.32704, -98.873628 19.327078, -98.873493 19.327202, -98.873404 19.32731, -98.873371 19.327396, -98.873344 19.327522, -98.873328 19.327616, -98.873353 19.327798, -98.873424 19.327987, -98.873546 19.328121, -98.873716 19.328242, -98.873896 19.328262, -98.874087 19.32827, -98.87429 19.328221, -98.874469 19.328093, -98.8746 19.327943, -98.874652 19.327767, -98.874672 19.327613))"
"INFRAESTRUCTURA","POZOS DE ABSOROCION","#441a1a","PZABS","POZO 10","POZOS DE ABSORCION UBICADOS EN LOS HEROES","POLYGON ((-98.870031 19.328876, -98.870028 19.328742, -98.870013 19.328621, -98.869972 19.3285, -98.869905 19.328374, -98.869819 19.328266, -98.869676 19.328189, -98.869553 19.328125, -98.869378 19.328073, -98.869223 19.328064, -98.869101 19.328078, -98.869012 19.32811, -98.868942 19.328166, -98.868841 19.32824, -98.868778 19.328321, -98.868684 19.328462, -98.86863 19.32862, -98.868621 19.328803, -98.868649 19.328923, -98.868703 19.329044, -98.868802 19.329169, -98.868958 19.329288, -98.86912 19.329353, -98.8693 19.329362, -98.869455 19.329347, -98.869596 19.329321, -98.869755 19.329221, -98.869875 19.329116, -98.869962 19.328968, -98.870031 19.328876))"
"INFRAESTRUCTURA","POZOS DE ABSOROCION","#441a1a","PZABS","POZO 11","POZOS DE ABSORCION UBICADOS EN LOS HEROES","POLYGON ((-98.873363 19.329236, -98.873337 19.329123, -98.873273 19.328954, -98.873175 19.328842, -98.87304 19.328753, -98.872919 19.328699, -98.872762 19.328656, -98.87257 19.328671, -98.872318 19.328709, -98.872128 19.328849, -98.872001 19.329066, -98.872008 19.329429, -98.872121 19.329711, -98.872401 19.329887, -98.872739 19.329938, -98.873014 19.329899, -98.87318 19.329771, -98.873285 19.329588, -98.873354 19.329383, -98.873363 19.329236))"
"INFRAESTRUCTURA","POZOS DE ABSOROCION","#441a1a","PZABS","POZO 12","POZOS DE ABSORCION UBICADOS EN LOS HEROES","POLYGON ((-98.875103 19.329738, -98.87509 19.329636, -98.875063 19.329501, -98.874989 19.329389, -98.874902 19.329254, -98.874732 19.329144, -98.87455 19.329079, -98.874345 19.329082, -98.874201 19.329118, -98.874022 19.32919, -98.873892 19.329305, -98.873788 19.329511, -98.873744 19.329761, -98.873845 19.330009, -98.873956 19.330177, -98.874162 19.330309, -98.874536 19.330348, -98.874834 19.330241, -98.875 19.330091, -98.875094 19.329931, -98.875103 19.329738))"
"INFRAESTRUCTURA","POZOS DE ABSOROCION","#441a1a","PZABS","POZO 13","POZOS DE ABSORCION UBICADOS EN LOS HEROES","POLYGON ((-98.871975 19.330454, -98.87194 19.330366, -98.871863 19.330278, -98.871786 19.330199, -98.871704 19.330129, -98.871585 19.330069, -98.871391 19.330028, -98.87123 19.330017, -98.871053 19.330069, -98.870918 19.330143, -98.870835 19.33022, -98.870757 19.33032, -98.870674 19.330441, -98.870648 19.330549, -98.870638 19.330704, -98.870665 19.330833, -98.8707 19.330925, -98.87076 19.331062, -98.870836 19.331118, -98.870927 19.331197, -98.871079 19.331261, -98.871221 19.331312, -98.871382 19.331323, -98.871598 19.331292, -98.871723 19.331228, -98.871844 19.331146, -98.871912 19.331034, -98.871971 19.330891, -98.871991 19.33073, -98.871988 19.330579, -98.871975 19.330454))"
"INFRAESTRUCTURA","POZOS DE ABSOROCION","#441a1a","PZABS","POZO 14","POZOS DE ABSORCION UBICADOS EN LOS HEROES","POLYGON ((-98.874581 19.330663, -98.874467 19.330512, -98.874283 19.330429, -98.874112 19.330376, -98.873956 19.330379, -98.873825 19.330381, -98.873682 19.330451, -98.873508 19.330547, -98.873405 19.330635, -98.873325 19.330809, -98.873328 19.330975, -98.873339 19.331177, -98.873403 19.331379, -98.873485 19.33155, -98.873617 19.331633, -98.873774 19.331667, -98.873885 19.33169, -98.874022 19.331687, -98.874172 19.331666, -98.874301 19.331615, -98.874384 19.331546, -98.874519 19.331433, -98.874588 19.331302, -98.874625 19.331191, -98.874655 19.331062, -98.874665 19.330914, -98.874642 19.33078, -98.874581 19.330663))"
"INFRAESTRUCTURA","POZOS DE ABSOROCION","#441a1a","PZABS","POZO 15","POZOS DE ABSORCION UBICADOS EN LOS HEROES","POLYGON ((-98.877238 19.330821, -98.877131 19.330706, -98.877124 19.3307, -98.876972 19.330598, -98.876953 19.330592, -98.876762 19.330534, -98.876553 19.330532, -98.876385 19.33059, -98.876216 19.330642, -98.876094 19.33073, -98.876005 19.330855, -98.875938 19.331059, -98.875961 19.331199, -98.876005 19.331432, -98.876073 19.331553, -98.876225 19.331685, -98.87641 19.331785, -98.876652 19.331797, -98.876835 19.331811, -98.877067 19.331702, -98.877214 19.331596, -98.877307 19.331381, -98.877322 19.331143, -98.877273 19.330973, -98.877238 19.330821))"
"INFRAESTRUCTURA","POZOS DE ABSOROCION","#441a1a","PZABS","POZO 16","POZOS DE ABSORCION UBICADOS EN LOS HEROES","POLYGON ((-98.882808 19.33168, -98.882685 19.331511, -98.882599 19.331398, -98.882333 19.331246, -98.882137 19.331249, -98.881881 19.331297, -98.881705 19.331358, -98.881576 19.331482, -98.881514 19.33167, -98.881487 19.33188, -98.881528 19.332051, -98.881606 19.332243, -98.881734 19.332335, -98.881977 19.332429, -98.882218 19.332425, -98.882502 19.332352, -98.882718 19.332216, -98.882802 19.332046, -98.882833 19.331862, -98.882808 19.33168))"
"INFRAESTRUCTURA","POZOS DE ABSOROCION","#441a1a","PZABS","POZO 17","POZOS DE ABSORCION UBICADOS EN LOS HEROES","POLYGON ((-98.884651 19.330531, -98.88447 19.330529, -98.884289 19.330539, -98.884083 19.330618, -98.88388 19.330748, -98.883794 19.330977, -98.883809 19.331278, -98.883902 19.331469, -98.884091 19.331615, -98.884377 19.33173, -98.884734 19.331642, -98.884935 19.331498, -98.885074 19.331214, -98.885103 19.33095, -98.884908 19.33066, -98.884651 19.330531))"
"INFRAESTRUCTURA","POZOS DE ABSOROCION","#441a1a","PZABS","POZO 18","POZOS DE ABSORCION UBICADOS EN LOS HEROES","POLYGON ((-98.88185 19.32976, -98.881843 19.329646, -98.881793 19.329512, -98.881706 19.329371, -98.881613 19.329275, -98.881492 19.329193, -98.881383 19.329146, -98.881237 19.32911, -98.881112 19.329117, -98.881005 19.329123, -98.880877 19.329174, -98.880781 19.329211, -98.880674 19.329283, -98.880607 19.32934, -98.880534 19.32946, -98.880483 19.329622, -98.880477 19.329742, -98.880489 19.329878, -98.880536 19.330047, -98.880613 19.330183, -98.880772 19.330283, -98.880909 19.330323, -98.88106 19.330363, -98.881269 19.330372, -98.881567 19.330282, -98.881741 19.330113, -98.881826 19.329882, -98.88185 19.32976))"
"INFRAESTRUCTURA","POZOS DE ABSOROCION","#441a1a","PZABS","POZO 19","POZOS DE ABSORCION UBICADOS EN LOS HEROES","POLYGON ((-98.879202 19.326759, -98.879194 19.326648, -98.879163 19.326544, -98.879118 19.326423, -98.879057 19.326339, -98.878989 19.32626, -98.87888 19.326196, -98.878763 19.326121, -98.87858 19.326085, -98.878431 19.326093, -98.878309 19.326124, -98.878176 19.326179, -98.878086 19.326232, -98.877985 19.326302, -98.877898 19.326402, -98.877857 19.326527, -98.877842 19.326681, -98.877857 19.326815, -98.877873 19.326966, -98.877938 19.327102, -98.878044 19.327207, -98.878156 19.327312, -98.878321 19.327361, -98.878502 19.327386, -98.878657 19.327371, -98.878797 19.327327, -98.878887 19.32727, -98.878999 19.327169, -98.879097 19.327064, -98.879168 19.326907, -98.879202 19.326759))"
"INFRAESTRUCTURA","POZOS DE ABSOROCION","#441a1a","PZABS","POZO 20","POZOS DE ABSORCION UBICADOS EN LOS HEROES","POLYGON ((-98.879871 19.325259, -98.879836 19.325115, -98.879778 19.325021, -98.879715 19.32494, -98.87958 19.324832, -98.879415 19.324743, -98.879276 19.32469, -98.879117 19.324717, -98.878921 19.324764, -98.878784 19.324851, -98.878687 19.324943, -98.87861 19.325063, -98.878592 19.32529, -98.878604 19.325466, -98.87864 19.325628, -98.878701 19.325783, -98.878823 19.325867, -98.878938 19.325957, -98.879159 19.325981, -98.879409 19.325966, -98.879547 19.325916, -98.87964 19.325862, -98.87976 19.325727, -98.879842 19.325607, -98.879854 19.325387, -98.879871 19.325259))"
"INFRAESTRUCTURA","POZOS DE ABSOROCION","#441a1a","PZABS","POZO 21","POZOS DE ABSORCION UBICADOS EN LOS HEROES","POLYGON ((-98.882219 19.32156, -98.882201 19.321481, -98.882153 19.321319, -98.882028 19.321207, -98.881863 19.321128, -98.881702 19.321094, -98.881488 19.321167, -98.881375 19.321324, -98.881328 19.321465, -98.881316 19.321622, -98.881369 19.321795, -98.881505 19.321918, -98.881654 19.321952, -98.881832 19.321952, -98.881992 19.32189, -98.8821 19.321812, -98.882165 19.321689, -98.882219 19.32156))"
"INFRAESTRUCTURA","POZOS DE ABSOROCION","#441a1a","PZABS","POZO 22","POZOS DE ABSORCION UBICADOS EN LOS HEROES","POLYGON ((-98.878575 19.328731, -98.878553 19.328619, -98.878484 19.328488, -98.87841 19.328406, -98.878317 19.328355, -98.878215 19.328304, -98.878075 19.328241, -98.877916 19.328222, -98.877743 19.328226, -98.877572 19.328271, -98.877418 19.32833, -98.877351 19.328455, -98.877249 19.328617, -98.877194 19.328812, -98.877235 19.328973, -98.877282 19.329126, -98.877351 19.329257, -98.877456 19.329372, -98.877612 19.329448, -98.877796 19.329502, -98.877954 19.3295, -98.878066 19.329493, -98.878198 19.329429, -98.878328 19.329343, -98.878428 19.329259, -98.87853 19.32909, -98.878556 19.32891, -98.878575 19.328731))"
"INFRAESTRUCTURA","POZOS DE ABSOROCION","#441a1a","PZABS","POZO 1","POZOS DE ABSORCION UBICADOS EN SANTA BARBARA","POLYGON ((-98.899153 19.309062, -98.899095 19.308911, -98.899005 19.30882, -98.898861 19.308748, -98.898726 19.30871, -98.898532 19.308716, -98.898407 19.308763, -98.89825 19.308875, -98.89814 19.309133, -98.898145 19.309316, -98.898217 19.309494, -98.898318 19.309643, -98.89848 19.309719, -98.898664 19.309732, -98.898857 19.30971, -98.899009 19.309621, -98.899131 19.309448, -98.899186 19.309273, -98.899153 19.309062))"
"INFRAESTRUCTURA","POZOS DE ABSOROCION","#441a1a","PZABS","POZO 2","POZOS DE ABSORCION UBICADOS EN SANTA BARBARA","POLYGON ((-98.899702 19.307535, -98.899597 19.307455, -98.899478 19.307403, -98.899299 19.307356, -98.899152 19.307349, -98.899031 19.307378, -98.898908 19.307479, -98.898859 19.307555, -98.898807 19.307682, -98.898772 19.307844, -98.898785 19.308045, -98.898833 19.308187, -98.898963 19.308303, -98.899091 19.30839, -98.899292 19.308414, -98.899474 19.308375, -98.899593 19.308324, -98.89971 19.308231, -98.899786 19.308103, -98.899845 19.307948, -98.899824 19.307746, -98.899786 19.307647, -98.899702 19.307535))"
"INFRAESTRUCTURA","POZOS DE ABSOROCION","#441a1a","PZABS","POZO 3","POZOS DE ABSORCION UBICADOS EN SANTA BARBARA","POLYGON ((-98.899598 19.305602, -98.899476 19.305486, -98.899325 19.305401, -98.899169 19.305374, -98.898978 19.305378, -98.898835 19.305429, -98.898711 19.305516, -98.898637 19.305687, -98.898628 19.305897, -98.898638 19.306063, -98.898726 19.306245, -98.89888 19.306374, -98.898999 19.306439, -98.899221 19.306419, -98.899334 19.306384, -98.899541 19.306264, -98.899663 19.306141, -98.899696 19.305936, -98.899692 19.305763, -98.899598 19.305602))"
"INFRAESTRUCTURA","POZOS DE ABSOROCION","#441a1a","PZABS","POZO 4","POZOS DE ABSORCION UBICADOS EN SANTA BARBARA","POLYGON ((-98.899608 19.30105, -98.899555 19.300969, -98.899453 19.300866, -98.899362 19.300807, -98.899244 19.300768, -98.898961 19.300714, -98.898841 19.30076, -98.898683 19.300865, -98.898589 19.300993, -98.898535 19.3011, -98.898533 19.301274, -98.89854 19.30139, -98.89857 19.30153, -98.898707 19.301651, -98.89892 19.301773, -98.8992 19.301783, -98.899392 19.3017, -98.89956 19.301568, -98.89963 19.30139, -98.899609 19.301179, -98.899608 19.30105))"
"INFRAESTRUCTURA","POZOS DE ABSOROCION","#441a1a","PZABS","POZO 5","POZOS DE ABSORCION UBICADOS EN SANTA BARBARA","POLYGON ((-98.902068 19.302233, -98.901908 19.302131, -98.90173 19.302097, -98.901555 19.302129, -98.901335 19.302219, -98.901215 19.302358, -98.901153 19.302484, -98.901157 19.302661, -98.901238 19.302845, -98.901404 19.302998, -98.901503 19.303042, -98.901658 19.303086, -98.901849 19.303064, -98.902014 19.303002, -98.902149 19.302904, -98.902232 19.302744, -98.902253 19.302543, -98.902195 19.30238, -98.902068 19.302233))"
"INFRAESTRUCTURA","POZOS DE ABSOROCION","#441a1a","PZABS","POZO 6","POZOS DE ABSORCION UBICADOS EN SANTA BARBARA","POLYGON ((-98.901826 19.298453, -98.9017 19.298451, -98.901582 19.298481, -98.901465 19.298526, -98.901393 19.298577, -98.901328 19.298652, -98.901275 19.298764, -98.901244 19.298889, -98.901241 19.299007, -98.901265 19.299143, -98.901322 19.299253, -98.901408 19.299351, -98.901527 19.29942, -98.901644 19.299455, -98.901785 19.299461, -98.90189 19.299455, -98.902027 19.299405, -98.902133 19.299337, -98.902213 19.299253, -98.902258 19.299174, -98.902301 19.299063, -98.902312 19.298912, -98.902258 19.298768, -98.902196 19.298672, -98.902103 19.29855, -98.901968 19.298482, -98.901826 19.298453))"
"INFRAESTRUCTURA","POZOS DE ABSOROCION","#441a1a","PZABS","POZO 7","POZOS DE ABSORCION UBICADOS EN SANTA BARBARA","POLYGON ((-98.898929 19.298873, -98.898869 19.298787, -98.898776 19.298695, -98.898573 19.298601, -98.898359 19.298614, -98.898211 19.298667, -98.898067 19.298758, -98.897957 19.298899, -98.897921 19.299081, -98.897965 19.299281, -98.898023 19.299435, -98.898139 19.299533, -98.898317 19.299597, -98.898539 19.299592, -98.898755 19.299519, -98.898914 19.299405, -98.898998 19.299221, -98.899011 19.299041, -98.898929 19.298873))"
"INFRAESTRUCTURA","POZOS DE ABSOROCION","#441a1a","PZABS","POZO 8","POZOS DE ABSORCION UBICADOS EN SANTA BARBARA","POLYGON ((-98.899411 19.297385, -98.899372 19.297251, -98.899297 19.297147, -98.899202 19.297041, -98.899072 19.296979, -98.898952 19.296943, -98.898778 19.296932, -98.898683 19.296945, -98.898553 19.296992, -98.898429 19.297096, -98.898365 19.297216, -98.898339 19.297343, -98.898328 19.297528, -98.898385 19.297691, -98.898473 19.297816, -98.89863 19.29793, -98.898821 19.29797, -98.898986 19.297968, -98.899168 19.297888, -98.899259 19.297825, -98.899379 19.297636, -98.899407 19.297497, -98.899411 19.297385))"
"INFRAESTRUCTURA","POZOS DE ABSOROCION","#441a1a","PZABS","POZO 9","POZOS DE ABSORCION UBICADOS EN SANTA BARBARA","POLYGON ((-98.895735 19.30001, -98.895582 19.299823, -98.895364 19.29975, -98.89514 19.299774, -98.894916 19.299861, -98.894786 19.300023, -98.894718 19.300196, -98.894739 19.300423, -98.8948 19.300584, -98.894943 19.300714, -98.895104 19.300774, -98.895264 19.300797, -98.89547 19.300764, -98.895643 19.300663, -98.895768 19.300523, -98.895825 19.300355, -98.895819 19.300185, -98.895735 19.30001))"
"INFRAESTRUCTURA","POZOS DE ABSOROCION","#441a1a","PZABS","POZO 10","POZOS DE ABSORCION UBICADOS EN SANTA BARBARA","POLYGON ((-98.89566 19.296255, -98.895589 19.296145, -98.89549 19.296018, -98.895347 19.295925, -98.895137 19.295899, -98.894835 19.295989, -98.894719 19.29612, -98.894607 19.296304, -98.894596 19.296549, -98.894679 19.296735, -98.894784 19.29686, -98.894917 19.296934, -98.89506 19.296961, -98.895242 19.29696, -98.895437 19.296863, -98.895568 19.296747, -98.895668 19.296579, -98.895696 19.29644, -98.89566 19.296255))"
"INFRAESTRUCTURA","POZOS DE ABSOROCION","#441a1a","PZABS","POZO 11","POZOS DE ABSORCION UBICADOS EN SANTA BARBARA","POLYGON ((-98.89308 19.296592, -98.893046 19.296429, -98.892948 19.296314, -98.89284 19.296241, -98.892709 19.296186, -98.892581 19.296165, -98.892402 19.296198, -98.892267 19.296252, -98.892147 19.296351, -98.892058 19.296453, -98.892007 19.296678, -98.892022 19.296825, -98.892081 19.296992, -98.892239 19.297108, -98.892479 19.297174, -98.892711 19.297126, -98.892881 19.297054, -98.893026 19.29688, -98.893084 19.29674, -98.89308 19.296592))"
"INFRAESTRUCTURA","POZOS DE ABSOROCION","#441a1a","PZABS","POZO 12","POZOS DE ABSORCION UBICADOS EN SANTA BARBARA","POLYGON ((-98.893047 19.297507, -98.892949 19.297392, -98.892854 19.297315, -98.892694 19.29724, -98.892543 19.297209, -98.892378 19.297233, -98.892248 19.297303, -98.892117 19.297414, -98.89204 19.297569, -98.892014 19.297724, -98.892051 19.297921, -98.892114 19.298054, -98.892297 19.29818, -98.892474 19.298223, -98.892655 19.298204, -98.892838 19.298131, -98.892964 19.298037, -98.893047 19.297927, -98.893088 19.297792, -98.893075 19.297647, -98.893047 19.297507))"
"INFRAESTRUCTURA","POZOS DE ABSOROCION","#441a1a","PZABS","POZO 13","POZOS DE ABSORCION UBICADOS EN SANTA BARBARA","POLYGON ((-98.895474 19.294134, -98.895396 19.293969, -98.895229 19.293906, -98.895053 19.293871, -98.894862 19.293869, -98.894722 19.293877, -98.894543 19.294029, -98.894474 19.294182, -98.894448 19.294365, -98.894486 19.294534, -98.89462 19.294702, -98.894754 19.294786, -98.894985 19.294816, -98.895122 19.294801, -98.89525 19.294738, -98.89539 19.294651, -98.895474 19.294509, -98.8955 19.294307, -98.895474 19.294134))"
"INFRAESTRUCTURA","POZOS DE ABSOROCION","#441a1a","PZABS","POZO 14","POZOS DE ABSORCION UBICADOS EN SANTA BARBARA","POLYGON ((-98.897343 19.29279, -98.89726 19.292641, -98.897148 19.292535, -98.896974 19.292431, -98.896703 19.292404, -98.896545 19.292468, -98.896349 19.29262, -98.896268 19.292725, -98.896209 19.292874, -98.896217 19.29299, -98.896272 19.293099, -98.896346 19.293231, -98.896462 19.293324, -98.896612 19.293378, -98.896803 19.293395, -98.896965 19.293373, -98.89708 19.293322, -98.897225 19.293222, -98.897333 19.293062, -98.897352 19.292936, -98.897343 19.29279))"
"INFRAESTRUCTURA","POZOS DE ABSOROCION","#441a1a","PZABS","POZO 15","POZOS DE ABSORCION UBICADOS EN SANTA BARBARA","POLYGON ((-98.899498 19.295433, -98.899375 19.295231, -98.899183 19.295086, -98.898924 19.29506, -98.898692 19.295108, -98.898514 19.295282, -98.898424 19.295447, -98.898437 19.295684, -98.898504 19.295887, -98.898665 19.296042, -98.898919 19.296071, -98.899145 19.296033, -98.899393 19.295928, -98.899506 19.295657, -98.899498 19.295433))"
"INFRAESTRUCTURA","POZOS DE ABSOROCION","#441a1a","PZABS","POZO 16","POZOS DE ABSORCION UBICADOS EN SANTA BARBARA","POLYGON ((-98.899527 19.293448, -98.899532 19.29328, -98.899496 19.293142, -98.899353 19.292949, -98.899234 19.292858, -98.899113 19.292821, -98.898956 19.292802, -98.898812 19.292827, -98.898679 19.292914, -98.898577 19.292992, -98.898513 19.293095, -98.898462 19.293212, -98.89844 19.293376, -98.898488 19.293578, -98.898563 19.293704, -98.898692 19.293821, -98.898861 19.293856, -98.899011 19.293857, -98.899178 19.293818, -98.899365 19.293697, -98.89948 19.293568, -98.899527 19.293448))"
"INFRAESTRUCTURA","POZOS DE ABSOROCION","#441a1a","PZABS","POZO 17","POZOS DE ABSORCION UBICADOS EN SANTA BARBARA","POLYGON ((-98.902348 19.294728, -98.902293 19.294613, -98.90209 19.294423, -98.90191 19.294375, -98.901747 19.294369, -98.901556 19.294452, -98.901433 19.294564, -98.90132 19.294793, -98.901341 19.294974, -98.901351 19.29512, -98.901507 19.295291, -98.901652 19.295348, -98.901866 19.29536, -98.902011 19.295338, -98.902089 19.295303, -98.902238 19.295201, -98.90232 19.295083, -98.902351 19.294816, -98.902348 19.294728))"
"INFRAESTRUCTURA","POZOS DE ABSOROCION","#441a1a","PZABS","POZO 18","POZOS DE ABSORCION UBICADOS EN SANTA BARBARA","POLYGON ((-98.902224 19.292622, -98.90224 19.292559, -98.90224 19.292457, -98.902159 19.292262, -98.902015 19.292121, -98.901758 19.292024, -98.901562 19.292039, -98.90136 19.292112, -98.901226 19.292234, -98.901158 19.292433, -98.901148 19.292632, -98.901204 19.292778, -98.901343 19.292913, -98.901564 19.293025, -98.90175 19.29303, -98.901951 19.292952, -98.902137 19.292836, -98.902224 19.292622))"
"INFRAESTRUCTURA","POZOS DE ABSOROCION","#441a1a","PZABS","POZO 19","POZOS DE ABSORCION UBICADOS EN SANTA BARBARA","POLYGON ((-98.897238 19.30917, -98.897217 19.309034, -98.897155 19.308922, -98.897082 19.308835, -98.896948 19.308733, -98.896799 19.308673, -98.896676 19.308657, -98.896586 19.308674, -98.896443 19.308717, -98.896331 19.308769, -98.896238 19.308826, -98.896137 19.308952, -98.896075 19.309099, -98.896109 19.309251, -98.896157 19.309426, -98.896245 19.309564, -98.896429 19.309685, -98.896631 19.309719, -98.896757 19.3097, -98.896901 19.309669, -98.897063 19.309563, -98.897151 19.309416, -98.897203 19.309287, -98.897238 19.30917))"
"INFRAESTRUCTURA","POZOS DE ABSOROCION","#441a1a","PZABS","POZO 20","POZOS DE ABSORCION UBICADOS EN SANTA BARBARA","POLYGON ((-98.896189 19.30556, -98.896173 19.305482, -98.896129 19.305407, -98.896063 19.305327, -98.895975 19.305244, -98.895835 19.305137, -98.895674 19.305121, -98.895537 19.305144, -98.895446 19.305186, -98.895331 19.305281, -98.895243 19.305365, -98.895194 19.305467, -98.895168 19.305578, -98.895163 19.30575, -98.895206 19.305904, -98.895276 19.306051, -98.895414 19.306132, -98.895577 19.306179, -98.895743 19.30618, -98.895915 19.306108, -98.896036 19.306017, -98.896145 19.305896, -98.896205 19.305715, -98.896189 19.30556))"
"INFRAESTRUCTURA","POZOS DE ABSOROCION","#441a1a","PZABS","POZO 21","POZOS DE ABSORCION UBICADOS EN SANTA BARBARA","POLYGON ((-98.89497 19.305277, -98.89491 19.3052, -98.894857 19.305171, -98.894767 19.305108, -98.894668 19.305081, -98.894587 19.305078, -98.894506 19.305083, -98.894405 19.305109, -98.894323 19.305154, -98.894266 19.305185, -98.89418 19.305251, -98.894143 19.305333, -98.89411 19.305415, -98.894097 19.305532, -98.894073 19.305622, -98.894067 19.305718, -98.894071 19.305782, -98.894097 19.30586, -98.894144 19.30593, -98.894209 19.306015, -98.894333 19.306096, -98.894424 19.306123, -98.894535 19.306117, -98.894641 19.306119, -98.894738 19.306101, -98.89483 19.306076, -98.894916 19.306011, -98.894988 19.305943, -98.895049 19.305835, -98.895098 19.305728, -98.895111 19.305606, -98.895096 19.305502, -98.895065 19.30542, -98.895009 19.305351, -98.89497 19.305277))"
"INFRAESTRUCTURA","POZOS DE ABSOROCION","#441a1a","PZABS","POZO 22","POZOS DE ABSORCION UBICADOS EN SANTA BARBARA","POLYGON ((-98.896176 19.303707, -98.896118 19.303589, -98.896035 19.303505, -98.895924 19.303423, -98.895777 19.303379, -98.895603 19.303363, -98.895429 19.30342, -98.895306 19.303491, -98.895199 19.303643, -98.895169 19.303859, -98.895167 19.304074, -98.89525 19.304237, -98.895413 19.304343, -98.895621 19.304393, -98.895809 19.304372, -98.895992 19.304288, -98.896102 19.304193, -98.896168 19.304006, -98.896179 19.303843, -98.896176 19.303707))"
"INFRAESTRUCTURA","POZOS DE ABSOROCION","#441a1a","PZABS","POZO 23","POZOS DE ABSORCION UBICADOS EN SANTA BARBARA","POLYGON ((-98.893785 19.302043, -98.893659 19.302019, -98.893476 19.302033, -98.89335 19.302065, -98.893198 19.302156, -98.893108 19.302285, -98.893079 19.302471, -98.89309 19.302637, -98.893099 19.302781, -98.893145 19.302905, -98.893262 19.303026, -98.893459 19.303057, -98.893647 19.303056, -98.893795 19.303033, -98.893937 19.302964, -98.894056 19.302893, -98.894124 19.302791, -98.894154 19.302662, -98.894163 19.302492, -98.894149 19.302398, -98.894106 19.302305, -98.89405 19.302187, -98.893909 19.302096, -98.893785 19.302043))"
"INFRAESTRUCTURA","POZOS DE ABSOROCION","#441a1a","PZABS","POZO 24","POZOS DE ABSORCION UBICADOS EN SANTA BARBARA","POLYGON ((-98.894339 19.301082, -98.894248 19.30101, -98.894105 19.300951, -98.893957 19.300936, -98.893835 19.300939, -98.893716 19.300967, -98.893629 19.301002, -98.893557 19.301053, -98.893472 19.301122, -98.8934 19.301224, -98.893359 19.301311, -98.893355 19.301416, -98.893375 19.301574, -98.893408 19.301691, -98.893478 19.301781, -98.893567 19.301867, -98.893687 19.301897, -98.893829 19.301932, -98.893928 19.301926, -98.89411 19.301912, -98.894263 19.301846, -98.89433 19.301775, -98.894373 19.301719, -98.894434 19.3016, -98.894468 19.30146, -98.894469 19.301311, -98.894428 19.301185, -98.894339 19.301082))"
"INFRAESTRUCTURA","POZOS DE ABSOROCION","#441a1a","PZABS","POZO 25","POZOS DE ABSORCION UBICADOS EN SANTA BARBARA","POLYGON ((-98.891888 19.303978, -98.891869 19.303863, -98.891851 19.303777, -98.891774 19.303661, -98.891687 19.303568, -98.891557 19.303538, -98.891463 19.303516, -98.891277 19.3035, -98.891121 19.30351, -98.890954 19.303613, -98.890866 19.303683, -98.890769 19.303793, -98.890731 19.303937, -98.890751 19.304078, -98.890795 19.304223, -98.890846 19.304384, -98.890927 19.304472, -98.891066 19.304563, -98.891247 19.304574, -98.891426 19.304559, -98.89158 19.304522, -98.891709 19.304454, -98.891809 19.304284, -98.891856 19.304117, -98.891888 19.303978))"
"INFRAESTRUCTURA","POZOS DE ABSOROCION","#441a1a","PZABS","POZO 26","POZOS DE ABSORCION UBICADOS EN SANTA BARBARA","POLYGON ((-98.890155 19.300961, -98.890059 19.300843, -98.88996 19.300712, -98.889784 19.300606, -98.889551 19.300652, -98.889375 19.300704, -98.889162 19.300886, -98.889113 19.301153, -98.889163 19.301415, -98.889241 19.30158, -98.889471 19.301683, -98.889761 19.301655, -98.889965 19.301594, -98.890144 19.301466, -98.890198 19.301221, -98.890155 19.300961))"
"INFRAESTRUCTURA","POZOS DE ABSOROCION","#441a1a","PZABS","POZO 27","POZOS DE ABSORCION UBICADOS EN SANTA BARBARA","POLYGON ((-98.887951 19.301064, -98.887896 19.300969, -98.887817 19.300824, -98.887656 19.300689, -98.887431 19.300643, -98.887232 19.300674, -98.887031 19.300771, -98.886932 19.300934, -98.88688 19.301107, -98.8869 19.301328, -98.886984 19.301532, -98.887128 19.301615, -98.887305 19.30167, -98.887525 19.301651, -98.887661 19.30161, -98.887814 19.30151, -98.887924 19.301392, -98.887942 19.301248, -98.887951 19.301064))"
"INFRAESTRUCTURA","POZOS DE ABSOROCION","#441a1a","PZABS","POZO 28","POZOS DE ABSORCION UBICADOS EN SANTA BARBARA","POLYGON ((-98.887542 19.306603, -98.8876 19.306489, -98.887607 19.306293, -98.887542 19.306098, -98.887436 19.305966, -98.887281 19.305894, -98.887128 19.305857, -98.886932 19.305827, -98.886716 19.305874, -98.886636 19.305951, -98.88654 19.306102, -98.886504 19.306223, -98.886509 19.306437, -98.886586 19.306628, -98.886681 19.306776, -98.886868 19.306853, -98.887042 19.306843, -98.887296 19.306809, -98.887432 19.306721, -98.887542 19.306603))"
"INFRAESTRUCTURA","POZOS DE ABSOROCION","#441a1a","PZABS","POZO 1","POZOS DE ABSORCION UBICADOS EN SAN JERONIMO","POLYGON ((-98.845207 19.29443, -98.845152 19.294069, -98.84501 19.293804, -98.844684 19.293583, -98.844265 19.293521, -98.844017 19.293554, -98.843792 19.293681, -98.843574 19.293849, -98.843455 19.294081, -98.843385 19.294338, -98.843451 19.29467, -98.843597 19.294956, -98.843911 19.295171, -98.844176 19.295242, -98.844435 19.295247, -98.844706 19.295171, -98.844918 19.294998, -98.845099 19.294804, -98.845207 19.29443))"
"INFRAESTRUCTURA","PRESAS DE GAVION","PRESAS DE GAVION","PRESGAV","PRESA DE GAVION CITLALMINA","CALLE FRATERNIDAD Y CALLE 14","POINT (-98.938058 19.329995)"
"INFRAESTRUCTURA","PRESAS DE GAVION","PRESAS DE GAVION","PRESGAV","PRESA DE GAVION IZCALLI 2","AV. CUITLHUAC Y CALLE WENCESLAO GARCIA U.H. IZCALLI","POINT (-98.932572 19.327139)"
"INFRAESTRUCTURA","PRESAS DE GAVION","PRESAS DE GAVION","PRESGAV","PRESA DE GAVION IZCALLI 1","AV. CUITLHUAC Y VITALICIO SILVIA LOPEZ COLONIA 6 DE JUNIO","POINT (-98.932456 19.328522)"
"INFRAESTRUCTURA","PRESAS DE GAVION","PRESAS DE GAVION","PRESGAV","PRESA DE GAVION AGROPECUARIA","CALLE VECINAL COLONIA CERRO DEL PINO (CASA DEL AJO)","POINT (-98.931736 19.330683)"
"INFRAESTRUCTURA","PRESAS DE GAVION","PRESAS DE GAVION","PRESGAV","PRESA 6 DE JUNIO","CALLE MARIA ELENA HUERTA Y BARRANCA QUETZALCOATL. (POZO 44 )","POINT (-98.930628 19.325922)"
"INFRAESTRUCTURA","PRESAS DE GAVION","PRESAS DE GAVION","PRESGAV","PRESA AMPLIACION 6 DE JUNIO","CALLE QUETZALCOATL Y CALLE CITLALMINA (PLANTA DE TRATAMIENTO AMPL. 6 DE JUNIO)","POINT (-98.929952 19.32691)"
"INFRAESTRUCTURA","PRESAS DE GAVION","PRESAS DE GAVION","PRESGAV","PRESA DE GAVION RINCON DEL BOSQUE","CALLE OLIVOS Y BUGANVILIAS COLONIA RINCON DEL BOSQUE","POINT (-98.927815 19.321661)"
"INFRAESTRUCTURA","PRESAS DE GAVION","PRESAS DE GAVION","PRESGAV","PRESA DE GAVION ESCALERILLAS","CALLE CERRADA PALENQUE Y CERRADA CIPRS","POINT (-98.916538 19.320481)"
"INFRAESTRUCTURA","PRESAS DE GAVION","PRESAS DE GAVION","PRESGAV","PRESA DE GAVION HUMBERTO GUTIERREZ","CALLE OLIVO Y ANGEL DEL CAMPO","POINT (-98.905849 19.339899)"
"INFRAESTRUCTURA","PRESAS DE GAVION","PRESAS DE GAVION","PRESGAV","PRESA CONTADERO","CALLE EMILIO ABREU Y ANGEL DEL CAMPO","POINT (-98.907212 19.342974)"
"INFRAESTRUCTURA","PRESAS DE GAVION","PRESAS DE GAVION","PRESGAV","PRESA DE GAVION ELSA CORDOVA","CIRCUITO CLARA CORDOVA Y CTO. UNION","POINT (-98.905276 19.336749)"
"INFRAESTRUCTURA","PRESAS DE GAVION","PRESAS DE GAVION","PRESGAV","PRESA DE GAVION RICARDO CALVA","CIRCUITO CLARA CORDOVA Y PROLONGACION 18 DE AGOSTO (BASE DE COMBIS RICARDO CALVA)","POINT (-98.905378 19.335188)"
"INFRAESTRUCTURA","PRESAS DE GAVION","PRESAS DE GAVION","PRESGAV","PRESA DE GAVION SAN RAFAEL II","CALLE CHABACANO COLONIA PLUTARCO ELIAS CALLES","POINT (-98.902788 19.331986)"
"INFRAESTRUCTURA","PRESAS DE GAVION","PRESAS DE GAVION","PRESGAV","PRESA DE GAVION SAN RAFAEL I","CALLE DURAZNOS Y CHABACANO COLONIA PLUTARCO ELIAS CALLES. (ACCESO POR CALLE JARILLAS)","POINT (-98.901992 19.330973)"
"INFRAESTRUCTURA","PRESAS DE GAVION","PRESAS DE GAVION","PRESGAV","PRESA DE GAVION CHOCOLINES","CALLE OLIVO Y CALLE OYAMEL","POINT (-98.898793 19.329789)"
"INFRAESTRUCTURA","PRESAS DE GAVION","PRESAS DE GAVION","PRESGAV","PRESA DE GAVION WENCESLAO","AV. LEYES DE REFORMA ACCESO POR PARQUE DE LOS NOVIOS. COLONIA WENCESLAO VICTORIA SOTO","POINT (-98.910351 19.336279)"
"INFRAESTRUCTURA","CARCAMOS","CARCAMO","CARCM","CARCAMO PICHORRAS","CARC0001","POINT (-98.851743 19.316862)"
"INFRAESTRUCTURA","CARCAMOS","CARCAMO","CARCM","CARCAMO LA PALMA","CARC0002","POINT (-98.874675 19.306348)"
"INFRAESTRUCTURA","CARCAMOS","CARCAMO","CARCM","CARCAMO SAN BUENAVENTURA","CARC0003","POINT (-98.873762 19.304038)"
"INFRAESTRUCTURA","CARCAMOS","CARCAMO","CARCM","CARCAMO SAN JACINTO","CARC0004","POINT (-98.889677 19.309735)"
"INFRAESTRUCTURA","CARCAMOS","CARCAMO","CARCM","CARCAMO COTERA","CARC0005","POINT (-98.890713 19.29015)"
"INFRAESTRUCTURA","CARCAMOS","CARCAMO","CARCM","CARCAMO SANTA BARBARA","CARC0006","POINT (-98.901492 19.289729)"
"INFRAESTRUCTURA","CARCAMOS","CARCAMO","CARCM","CARCAMO/ PLANTA PALMAS 1","CARC0007","POINT (-98.891194 19.301999)"
"INFRAESTRUCTURA","CARCAMOS","CARCAMO","CARCM","CARCAMO/ PLANTA PALMAS 3","CARC0008","POINT (-98.890622 19.301977)"
"INFRAESTRUCTURA","CARCAMOS","CARCAMO","CARCM","CARCAMO EL MOLINO","CARC0009","POINT (-98.921223 19.29448)"
"INFRAESTRUCTURA","CARCAMOS","CARCAMO","CARCM","CARCAMO GUADALUPE VICTORIA","CARC0010","POINT (-98.927956 19.301389)"
"INFRAESTRUCTURA","CARCAMOS","CARCAMO","CARCM","CARCAMO JOSE DE LA MORA","CARC0011","POINT (-98.92169 19.30654)"
"INFRAESTRUCTURA","CARCAMOS","CARCAMO","CARCM","CARCAMO AZUCAR","CARC0012","POINT (-98.921764 19.306641)"
"INFRAESTRUCTURA","CARCAMOS","CARCAMO","CARCM","CARCAMO XICO","CARC0013","POINT (-98.934119 19.308514)"
"INFRAESTRUCTURA","CARCAMOS","CARCAMO","CARCM","CARCAMO/ PLANTA SEDIMENTADORA REY IZCOATL","CARC0014","POINT (-98.929774 19.326751)"
"INFRAESTRUCTURA","CARCAMOS","CARCAMO","CARCM","SANTA CRUZ TLALPIZAHUAC","CARC0015","POINT (-98.94406 19.31912)"
"INFRAESTRUCTURA","CARCAMOS","CARCAMO","CARCM","CUATRO VIENTOS","CARC0016","POINT (-98.84698 19.29839)"
"INFRAESTRUCTURA","PLANTAS SEDIMENTADORAS","PLANTA DE TRATAMIENTO","PTSEDIM","PLANTA SEDIMENTADORA 1","CIRCUITO CLARA CLARDOVA SE ENCUENTRA OPERANDO AL MI­NIMO DE SU CAPACIDAD","POINT (-98.9050348 19.3347374)"
"INFRAESTRUCTURA","PLANTAS SEDIMENTADORAS","PLANTA DE TRATAMIENTO","PTSEDIM","PLANTA SEDIMENTADORA 2","CIRCUITO CLARA CLARDOVA SE ENCUENTRA OPERANDO AL MINIMO DE SU CAPACIDAD","POINT (-98.9055364 19.3361243)"
"INFRAESTRUCTURA","PLANTAS SEDIMENTADORAS","PLANTA DE TRATAMIENTO","PTSEDIM","PLANTA SEDIMENTADORA 3","CALLE 15 DE SEPTIEMBRE. SE ENCUENTRA OPERANDO AL MI­NIMO DE SU CAPACIDAD","POINT (-98.9083481 19.3315492)"
"INFRAESTRUCTURA","PLANTAS SEDIMENTADORAS","PLANTA DE TRATAMIENTO","PTSEDIM","PLANTA SEDIMENTADORA 4","CALLE PUEBLA. SE ENCUENTRA OPERANDO AL MI­NIMO DE SU CAPACIDAD","POINT (-98.9138738 19.3313605)"
"INFRAESTRUCTURA","PLANTAS SEDIMENTADORAS","PLANTA DE TRATAMIENTO","PTSEDIM","PLANTA SEDIMENTADORA 5","CALLE SAN RAFAEL, COLONIA AMPLIACION ACOZAC","POINT (-98.9164074 19.3296118)"
"INFRAESTRUCTURA","PLANTAS TRATADORAS","PLANTA DE TRATAMIENTO","PTAR","PLANTA GEOVILLAS DE SANTA BARBARA","PTAR (LODOS ACTIVADOS POR AERACION)","POINT (-98.898483 19.292692)"
"INFRAESTRUCTURA","PLANTAS TRATADORAS","PLANTA DE TRATAMIENTO","PTAR","PLANTA TLALPIZAHUAC","PTAR (LODOS ACTIVADOS POR AERACION)","POINT (-98.944099 19.319138)"
"INFRAESTRUCTURA","PLANTAS TRATADORAS","PLANTA DE TRATAMIENTO","PTAR","PLANTA CUATRO VIENTOS","PTAR (LODOS ACTIVADOS POR AERACION)","POINT (-98.846632 19.289147)"
"INFRAESTRUCTURA","PLANTAS TRATADORAS","PLANTA DE TRATAMIENTO","PTAR","PLANTA PALMAS 3","PTAR (LODOS ACTIVADOS POR AERACION)","POINT (-98.89064 19.302214)"
"INFRAESTRUCTURA","PLANTAS TRATADORAS","PLANTA DE TRATAMIENTO","PTAR","PLANTA PALMAS 1","PTAR (LODOS ACTIVADOS POR AERACION)","POINT (-98.891275 19.302064)"
"INFRAESTRUCTURA","PLANTAS TRATADORAS","PLANTA DE TRATAMIENTO","PTAR","PLANTA AMPLIACION 6 DE JUNIO","PLANTA SEDIMENTADORA","POINT (-98.929828 19.326649)"
"INFRAESTRUCTURA","CANALES A CIELO ABIERTO","#441a1a","CNALCIABIERT","CANAL IZCALLI","CANA0001","LINESTRING (-98.93378 19.325422, -98.933137 19.326718, -98.932321 19.327893, -98.93245 19.329432, -98.932193 19.331294, -98.932536 19.331942, -98.932793 19.334048, -98.932193 19.335384, -98.931721 19.33668)"
"INFRAESTRUCTURA","CANALES A CIELO ABIERTO","#441a1a,"CNALCIABIERT","CANAL IZCALLI","CANA0002","LINESTRING (-98.932268 19.330596, -98.931377 19.331659, -98.930562 19.333279, -98.929961 19.334898, -98.928845 19.335627, -98.927944 19.336518, -98.927558 19.337976)"
"INFRAESTRUCTURA","CANALES A CIELO ABIERTO","#441a1a","CNALCIABIERT","CANAL LERMA","CANA0003","LINESTRING (-98.899043 19.32582, -98.898485 19.325557, -98.898142 19.325212, -98.898077 19.324767, -98.897948 19.324342, -98.898034 19.323815, -98.897755 19.323228, -98.897326 19.322702, -98.897262 19.322195, -98.896876 19.322013, -98.896318 19.321466, -98.895803 19.320758, -98.895567 19.320737, -98.895159 19.320555, -98.893528 19.32017, -98.894687 19.316505, -98.88679 19.314096)"
"INFRAESTRUCTURA","CANALES A CIELO ABIERTO","#441a1a","CNALCIABIERT","CANAL RINCON DEL BOSQUE","CANA0004","LINESTRING (-98.929761 19.318592, -98.929568 19.319281, -98.92915 19.319868, -98.928731 19.320567, -98.928205 19.321144, -98.927712 19.321701, -98.927379 19.321954, -98.927165 19.322106, -98.926532 19.321741, -98.926167 19.321741, -98.925909 19.322045, -98.925588 19.321903, -98.9246 19.322794, -98.923935 19.323564, -98.923653 19.325408, -98.923138 19.326623, -98.922119 19.328041, -98.921604 19.328992, -98.920746 19.331098, -98.920698 19.333872)"
"INFRAESTRUCTURA","CANALES A CIELO ABIERTO","#441a1a","CNALCIABIERT","CANAL PINEDA","CANA0005","LINESTRING (-98.944804 19.325005, -98.944321 19.325774, -98.944096 19.325962, -98.943865 19.326306, -98.943685 19.326673, -98.943449 19.327002, -98.943138 19.327285, -98.942875 19.327134, -98.942623 19.327473, -98.942513 19.327685, -98.942221 19.327878, -98.941877 19.328131, -98.94143 19.328346, -98.941223 19.32832, -98.941041 19.328346, -98.940788 19.328508, -98.940381 19.328688, -98.939081 19.329701, -98.937846 19.329995, -98.936717 19.332345)"
"INFRAESTRUCTURA","CANALES A CIELO ABIERTO","#441a1a","CNALCIABIERT","CANAL SAN FRANCISCO","CANA0006","LINESTRING (-98.846862 19.3681404, -98.8502952 19.3682214, -98.8520977 19.366278, -98.8547584 19.3628771, -98.85699 19.3618244, -98.8599083 19.3609337, -98.8608524 19.3578565, -98.862569 19.3551842, -98.8633415 19.3529977, -98.8637706 19.3498394, -98.8647148 19.3477339, -98.8641998 19.3450614, -98.8648864 19.3425509, -98.8647148 19.3411741, -98.8645431 19.3395341, -98.8648006 19.3378536, -98.8653156 19.3342091, -98.867118 19.3281347, -98.8697788 19.3206022, -98.8709459 19.3161361)"
"INFRAESTRUCTURA","CANALES A CIELO ABIERTO","#441a1a","CNALCIABIERT","DERIVACION CANAL SAN FRANCISCO SANTO DOMINGO","CANA0007","LINESTRING (-98.8373666 19.3601749, -98.8389973 19.3581505, -98.8416581 19.3570168, -98.8479237 19.356045, -98.8498978 19.3549113, -98.8517003 19.3545064, -98.8530736 19.351996, -98.8561635 19.3506193, -98.8592534 19.3499715, -98.8592534 19.3488377, -98.8590817 19.347542, -98.8613992 19.3461652, -98.8618452 19.3463035)"
"INFRAESTRUCTURA","CANALES A CIELO ABIERTO","#441a1a","CNALCIABIERT","CANAL SAN FRANCISCO TEXCALHUEY","CANA0008","LINESTRING (-98.8644891 19.3368045, -98.8641887 19.3378169, -98.8641887 19.3383433, -98.8636308 19.3385458, -98.8632446 19.3399226, -98.8631587 19.3407729, -98.8626867 19.3421902, -98.8622146 19.3428381, -98.8598543 19.3428786, -98.8587385 19.3424332, -98.8577943 19.3438504, -98.8574939 19.3454296, -98.8552194 19.3464014, -98.852902 19.3478996, -98.8513141 19.3475757, -98.850842 19.3482236, -98.8497262 19.348588, -98.8491683 19.3491549, -98.8483959 19.3488714, -98.8477951 19.3493168, -98.8449197 19.3486285, -98.843761 19.348426, -98.8421088 19.3486487, -98.8407891 19.3489018, -98.8399431 19.3490937, -98.8392994 19.349367, -98.8385377 19.3498427, -98.836349 19.3511283)"
"INFRAESTRUCTURA","CANALES A CIELO ABIERTO","#441a1a","CNALCIABIERT","CANAL EL VENADO - EL OLIVAR","CANA0009","LINESTRING (-98.8261661 19.337575, -98.8320884 19.3373321, -98.8355216 19.3361172, -98.8377532 19.3344975, -98.8402423 19.3335256, -98.8429031 19.3322297, -98.8463363 19.3319058, -98.8474521 19.3306909, -98.8496837 19.329962, -98.8508853 19.3281801, -98.8524303 19.3255073, -98.8532027 19.3243734, -98.8543185 19.3246974, -98.8563785 19.3239684, -98.8680514 19.3251833)"
"INFRAESTRUCTURA","CANALES A CIELO ABIERTO","#441a1a","CNALCIABIERT","CANAL CANUTILLO","CANA0010","LINESTRING (-98.8709459 19.3161361, -98.8734189 19.3069601, -98.8743201 19.3063121, -98.8744059 19.3048135, -98.8752213 19.3028289, -98.8764229 19.3005303, -98.8766268 19.2998418, -98.877131 19.2990621, -98.8783649 19.2956496, -98.8787719 19.2944362, -98.8789703 19.293459, -98.8793616 19.2911002, -98.879147 19.2883052)"
"INFRAESTRUCTURA","CANALES A CIELO ABIERTO","#441a1a","CNALCIABIERT","DERIVACION SAN FRANCISCO LAS BARAÑAS","CANA0011","LINESTRING (-98.843761 19.348426, -98.8434499 19.3476162, -98.8424628 19.3473328, -98.8416045 19.345956, -98.8397592 19.3447413, -98.8386434 19.3441339, -98.8373988 19.3442959, -98.8364547 19.3435265, -98.834781 19.3438909, -98.8334077 19.3446198, -98.8320344 19.3459965, -98.8287728 19.3470493, -98.8267987 19.3471708, -98.8255542 19.3481021, -98.8237947 19.3473733, -98.8224643 19.3474137, -98.8212197 19.3470088)"
"INFRAESTRUCTURA","CANALES A CIELO ABIERTO","#441a1a","CNALCIABIERT","DERIVACION CANAL SAN FRANCISCO CANAL GUERRERO A LA PRESA","CANA0012","LINESTRING (-98.8386434 19.3441339, -98.8399094 19.3442149, -98.8418406 19.3439719, -98.8427847 19.3435467, -98.8436215 19.3424939, -98.8435357 19.3418055, -98.8436215 19.3409552, -98.8431924 19.3402061)"
"INFRAESTRUCTURA","CANALES A CIELO ABIERTO","#441a1a","CNALCIABIERT","CANAL LA PALMA","CANA0013","LINESTRING (-98.8642807 19.3458682, -98.8637549 19.3461719, -98.8628752 19.3461618, -98.8618452 19.3463035)"
"INFRAESTRUCTURA","CANALES A CIELO ABIERTO","#441a1a","CNALCIABIERT","DERIVACION CANAL SAN FRANCISCO AZIZINTLA","CANA0014","LINESTRING (-98.8571779 19.3620613, -98.854045 19.3629318, -98.853058 19.3643286, -98.8514487 19.364774, -98.8497321 19.3653003, -98.8484875 19.3659684, -98.8469855 19.3667376, -98.8448826 19.367102, -98.8428656 19.3665959)"
"INFRAESTRUCTURA","CANALES A CIELO ABIERTO","#441a1a","CNALCIABIERT","CANAL LAS JOYAS","CANA0015","LINESTRING (-98.8718906 19.3465348, -98.8713971 19.3485138, -98.8722438 19.3432096, -98.8707417 19.3428452, -98.8647499 19.3416079)"
"INFRAESTRUCTURA","CANALES A CIELO ABIERTO","#441a1a","CNALCIABIERT","CANAL CAPULI­N","CANA0016","LINESTRING (-98.9136655 19.3315103, -98.9141376 19.3303157, -98.9143307 19.328959, -98.915189 19.3272784, -98.9158542 19.3262053, -98.91594 19.3251321, -98.9161761 19.3243626, -98.916219 19.3227022, -98.9165408 19.3208798, -98.9165467 19.3202367, -98.9165574 19.3192952, -98.9163509 19.318651, -98.9163885 19.3183118, -98.9161685 19.3177195, -98.9160344 19.3171879)"
"INFRAESTRUCTURA","CANALES A CIELO ABIERTO","#441a1a","CNALCIABIERT","CANAL COTERA","CANA0017","LINESTRING (-98.8907546 19.290307, -98.8906956 19.2928842)"
"INFRAESTRUCTURA","CANALES A CIELO ABIERTO","#441a1a","CNALCIABIERT","CANAL EX- PANASONIC","CANA0018","LINESTRING (-98.8894044 19.2963129, -98.8905524 19.2962015, -98.8906956 19.2928842)"
"INFRAESTRUCTURA","CANALES A CIELO ABIERTO","#441a1a","CNALCIABIERT","CANAL FERROCARRIL NORTE","CANA0019","LINESTRING (-98.8894044 19.2963129, -98.8904184 19.3004833)"
"INFRAESTRUCTURA","CANALES A CIELO ABIERTO","#441a1a","CNALCIABIERT","CANAL RANCHO SANTA BARBARA","CANA0020","LINESTRING (-98.8894789 19.3092335, -98.8926868 19.3101246, -98.8929336 19.3080387, -98.8922898 19.3070768, -98.8918929 19.3060744, -98.8911419 19.3024596, -98.8904184 19.3004833)"
"INFRAESTRUCTURA","CANALES A CIELO ABIERTO","#441a1a","CNALCIABIERT","DERIVACION CANAL CAPULIN","CANA0021","LINESTRING (-98.9165469 19.3292805, -98.9166756 19.3285515, -98.9166327 19.3277213, -98.916268 19.3269418, -98.9158066 19.3262837)"
